tempo_de_execucao,acuracia,precisao,recall,f1-score
00:00:19,0.9082195759512054,0.8748651564185544,0.8021760633036598,0.8369453044375644
