tempo_de_execucao,acuracia,precisao,recall,f1-score
00:01:58,0.9864250275633958,0.9316099476439791,0.9389841688654353,0.9352825229960579
