tempo_de_execucao,acuracia,precisao,recall,f1-score
00:00:56,0.9847006651884701,0.9808383233532935,0.9779104477611941,0.979372197309417
