tempo_de_execucao,acuracia,precisao,recall,f1-score
00:00:19,0.9134475747894278,0.8939226519337017,0.8001978239366964,0.8444676409185804
