tempo_de_execucao,acuracia,precisao,recall,f1-score
00:00:43,0.6746898263027296,0.6831856030083266,0.9508411214953271,0.7950922163175993
