tempo_de_execucao,acuracia,precisao,recall,f1-score
00:00:53,0.9853658536585366,0.982025164769323,0.9785074626865672,0.980263157894737
