tempo_de_execucao,acuracia,precisao,recall,f1-score
00:59:58,0.9157711298286378,0.9177288528389339,0.7833827893175074,0.8452508004268942
