tempo_de_execucao,acuracia,precisao,recall,f1-score
00:59:57,0.9863561190738699,0.9464769647696477,0.9215039577836411,0.9338235294117647
