tempo_de_execucao,acuracia,precisao,recall,f1-score
00:59:55,0.6767990074441688,0.6832687942315396,0.9564485981308412,0.7971025780824053
