tempo_de_execucao,acuracia,precisao,recall,f1-score
00:59:55,0.9838137472283813,0.9779236276849642,0.9785074626865672,0.9782154580722172
