tempo_de_execucao,acuracia,precisao,recall,f1-score
00:59:57,0.9192564623874528,0.9316843345111896,0.7823936696340257,0.8505376344086021
