tempo_de_execucao,acuracia,precisao,recall,f1-score
00:59:58,0.6729528535980149,0.6799257491381596,0.9585046728971962,0.7955321129382562
