tempo_de_execucao,acuracia,precisao,recall,f1-score
00:59:57,0.9864939360529217,0.9486743711760707,0.9205145118733509,0.9343823234014061
