tempo_de_execucao,acuracia,precisao,recall,f1-score
00:59:57,0.9853658536585366,0.9826034793041392,0.9779104477611941,0.9802513464991024
